,track_name,artist_name,artist_pop,album,track_pop,danceability,energy,loudness,mode,key,speechiness,acousticness,instrumentalness,liveness,valence,tempo,time_signature,duration_ms,track_pop_minus_artist_pop
0,Say So,Doja Cat,0.88,Hot Pink,0.8,0.787,0.673,-4.583,0,11,0.159,0.264,3.35e-06,0.0904,0.779,110.962,4,237893,-0.07999999999999996
1,Blinding Lights,The Weeknd,0.93,After Hours,0.9,0.514,0.73,-5.934,1,1,0.0598,0.00146,9.54e-05,0.0897,0.334,171.005,4,200040,-0.030000000000000027
2,Supalonely (feat. Gus Dapperton),BENEE,0.67,Hey u x,0.63,0.862,0.631,-4.746,1,7,0.0515,0.291,0.000209,0.123,0.841,128.978,4,223488,-0.040000000000000036
3,Savage,Megan Thee Stallion,0.82,Suga,0.7,0.843,0.741,-5.609,1,11,0.334,0.0252,0.0,0.096,0.68,168.983,4,155497,-0.12
4,Moral of the Story,Ashe,0.68,Moral of the Story,0.76,0.572,0.406,-8.624,1,10,0.0427,0.587,4.48e-06,0.102,0.265,119.812,4,201084,0.07999999999999996
5,Rain On Me (with Ariana Grande),Lady Gaga,0.84,Rain On Me (with Ariana Grande),0.74,0.672,0.855,-3.764,1,9,0.0397,0.021,0.0,0.323,0.646,123.056,4,182200,-0.09999999999999998
6,Babylon,Lady Gaga,0.84,Chromatica,0.64,0.698,0.799,-4.372,1,2,0.0342,0.0129,5.46e-06,0.215,0.351,115.957,4,161733,-0.19999999999999996
8,My Oh My (feat. DaBaby),Camila Cabello,0.82,Romance,0.75,0.724,0.491,-6.024,1,8,0.0296,0.018,1.29e-05,0.0887,0.383,105.046,4,170746,-0.06999999999999995
9,Physical,Dua Lipa,0.88,Future Nostalgia,0.75,0.647,0.844,-3.756,1,0,0.0457,0.0137,0.000658,0.102,0.746,146.967,4,193829,-0.13
10,Glitter,BENEE,0.67,FIRE ON MARZZ,0.66,0.801,0.589,-5.157,1,7,0.0485,0.0863,0.0,0.162,0.58,116.934,4,180147,-0.010000000000000009
11,Put Your Records On,Ritt Momney,0.6,Put Your Records On,0.77,0.399,0.491,-10.778,0,6,0.0538,0.0563,0.00089,0.11,0.151,91.066,4,210463,0.17000000000000004
12,Stuck with U (with Justin Bieber),Ariana Grande,0.87,Stuck with U,0.82,0.597,0.45,-6.658,1,8,0.0418,0.223,0.0,0.382,0.537,178.765,3,228482,-0.050000000000000044
13,Break My Heart,Dua Lipa,0.88,Future Nostalgia,0.78,0.73,0.729,-3.434,0,4,0.0884,0.167,1.39e-06,0.349,0.467,113.011,4,221820,-0.09999999999999998
14,Selfish,Madison Beer,0.71,Life Support,0.66,0.375,0.461,-6.202,1,9,0.0279,0.627,0.0,0.386,0.233,75.217,4,223270,-0.04999999999999993
15,LEMONS - Demo,Brye,0.48,LEMONS (Demo),0.57,0.501,0.168,-13.682,0,4,0.304,0.901,0.0,0.134,0.514,82.574,4,193208,0.08999999999999997
16,The Less I Know The Better,Tame Impala,0.78,Currents,0.84,0.64,0.74,-4.083,1,4,0.0284,0.0115,0.00678,0.167,0.785,116.879,4,216320,0.05999999999999994
18,Dissolve,Absofacto,0.56,Thousand Peaces,0.68,0.688,0.582,-10.668,0,6,0.0542,0.23,0.000157,0.0663,0.872,85.486,4,224661,0.12
19,Sunday Best,Surfaces,0.71,Where the Light Is,0.77,0.878,0.525,-6.832,1,5,0.0578,0.183,0.0,0.0714,0.694,112.022,4,158571,0.06000000000000005
20,Airplane Mode,Limbo,0.5,Holo,0.0,0.665,0.373,-10.631,1,7,0.158,0.852,0.118,0.108,0.07,119.905,4,164113,-0.5
21,Chinese New Year,SALES,0.61,Chinese New Year,0.66,0.744,0.845,-7.422,0,4,0.253,0.759,0.232,0.1,0.749,75.221,4,160000,0.050000000000000044
22,LMK,Lil Xxel,0.51,LMK,0.65,0.748,0.457,-7.56,1,6,0.0465,0.0292,0.000294,0.444,0.464,123.035,4,188293,0.14
23,Why Is Everything Chrome (Lean Swag Rock Wit It),King Critical,0.29,Why Is Everything Chrome (Lean Swag Rock Wit It),0.46,0.915,0.392,-11.548,1,7,0.475,0.112,0.0,0.0319,0.675,139.94,4,151018,0.17000000000000004
24,Figure It Out,Blu DeTiger,0.51,Figure It Out,0.54,0.747,0.554,-6.154,0,8,0.289,0.493,0.000425,0.332,0.585,96.988,4,164318,0.030000000000000027
27,Muffins In The Freezer,Tiagz,0.47,Muffins In The Freezer,0.47,0.965,0.412,-8.696,1,0,0.434,0.0778,1.12e-06,0.0867,0.486,120.03,4,106016,0.0
28,Beggin',Madcon,0.61,Conquest,0.61,0.715,0.796,-4.889,0,4,0.0534,0.0284,0.0,0.0658,0.431,129.04,4,218707,0.0
29,Kolors,monte booker,0.47,Soulection White Label - Monte Booker,0.56,0.718,0.403,-11.064,0,2,0.205,0.263,1.56e-06,0.228,0.636,129.582,4,177856,0.09000000000000008
30,Play Date,Melanie Martinez,0.78,Cry Baby (Deluxe Edition),0.78,0.68,0.729,-5.077,1,5,0.0475,0.612,0.0,0.224,0.446,123.97,4,179867,0.0
31,Ride It,Regard,0.71,Ride It,0.81,0.88,0.751,-4.258,0,7,0.0874,0.177,6.43e-05,0.106,0.884,117.948,4,157606,0.10000000000000009
32,No Idea,Don Toliver,0.78,No Idea,0.02,0.651,0.631,-5.717,0,6,0.0896,0.519,0.000579,0.165,0.35,127.994,4,154424,-0.76
33,Go Stupid (feat. NLE Choppa & Mike WiLL Made-It),Polo G,0.83,Go Stupid (feat. NLE Choppa & Mike WiLL Made-It),0.54,0.92,0.833,-3.18,1,1,0.253,0.0277,0.0,0.0596,0.645,141.034,4,165726,-0.2899999999999999
34,Cannibal,Kesha,0.76,Cannibal (Expanded Edition),0.66,0.71,0.68,-4.676,1,1,0.106,0.0078,0.0165,0.0493,0.571,129.971,4,194253,-0.09999999999999998
35,Lottery (Renegade),K CAMP,0.63,Wayy 2 Kritical,0.56,0.915,0.556,-8.601,1,1,0.216,0.0145,0.000179,0.0733,0.67,148.964,4,170947,-0.06999999999999995
36,Bad Boy,Yung Bae,0.57,Bad Boy,0.62,0.861,0.82,-4.807,0,1,0.0728,0.032,4.76e-06,0.0706,0.781,118.04,4,187571,0.050000000000000044
37,Hard Times,Paramore,0.75,After Laughter,0.73,0.695,0.818,-5.379,0,5,0.0334,0.00647,4.87e-06,0.0219,0.916,119.965,4,182693,-0.020000000000000018
39,Backyard Boy,Claire Rosinkranz,0.63,Backyard Boy (Stripped),0.7,0.817,0.635,-7.246,1,5,0.163,0.323,0.0,0.0738,0.454,138.015,4,129241,0.06999999999999995
40,cardigan,Taylor Swift,0.93,folklore,0.79,0.613,0.581,-8.588,0,0,0.0424,0.537,0.000345,0.25,0.551,130.033,4,239560,-0.14
41,Beef FloMix,Flo Milli,0.67,"Ho, why is you here ?",0.62,0.879,0.733,-3.953,0,11,0.142,0.216,0.0,0.274,0.913,117.039,4,147692,-0.050000000000000044
42,Psycho!,MASN,0.6,How To Kill A Rockstar,0.68,0.876,0.312,-10.17,1,7,0.0521,0.443,0.0,0.247,0.377,114.973,4,197217,0.08000000000000007
43,Party Girl,StaySolidRocky,0.59,Party Girl,0.71,0.728,0.431,-9.966,0,6,0.0622,0.749,0.0,0.0996,0.629,130.022,4,147800,0.12
44,Electric Love,BØRNS,0.67,Dopamine,0.82,0.611,0.797,-7.627,0,6,0.0533,0.00543,0.00137,0.26,0.518,120.041,4,218107,0.1499999999999999
45,Producer Man,Lyn Lapid,0.61,Producer Man,0.62,0.66,0.639,-5.364,0,10,0.223,0.129,0.0,0.256,0.75,173.994,4,141673,0.010000000000000009
46,ily (i love you baby) (feat. Emilee),Surf Mesa,0.64,ily (i love you baby) (feat. Emilee),0.78,0.674,0.774,-7.567,0,11,0.0892,0.0686,0.00188,0.393,0.33,112.05,4,176547,0.14
47,Mariposa,Peach Tree Rascals,0.6,Mariposa,0.74,0.676,0.525,-5.88,1,9,0.028,0.617,0.0,0.356,0.421,112.011,4,210000,0.14
48,FML,Arizona Zervas,0.66,Living Facts,0.0,0.816,0.59,-5.961,0,2,0.121,0.0854,0.0,0.108,0.612,100.137,4,222961,-0.66
49,Savage Love (Laxed - Siren Beat),Jawsh 685,0.63,Savage Love (Laxed - Siren Beat),0.77,0.767,0.481,-8.52,0,0,0.0803,0.234,0.0,0.269,0.761,150.076,4,171375,0.14
50,Stunnin',Curtis Waters,0.53,Stunnin',0.02,0.906,0.604,-8.332,0,11,0.0746,0.329,0.0,0.255,0.899,99.996,4,144013,-0.51
51,Deep End,Fousheé,0.65,Deep End,0.68,0.711,0.592,-7.136,0,4,0.23,0.758,0.0,0.156,0.535,124.749,4,141224,0.030000000000000027
52,Freak,Doja Cat,0.88,Freak,0.72,0.688,0.716,-5.702,1,7,0.0385,0.0969,0.0,0.0989,0.373,116.912,3,284480,-0.16000000000000003
55,Wait a Minute!,WILLOW,0.76,ARDIPITHECUS,0.86,0.764,0.705,-5.279,0,3,0.0278,0.0371,1.94e-05,0.0943,0.672,101.003,4,196520,0.09999999999999998
57,Mood (feat. iann dior),24kGoldn,0.74,El Dorado,0.83,0.701,0.716,-3.671,0,7,0.0361,0.174,0.0,0.324,0.732,91.007,4,140533,0.08999999999999997
59,Boss Bitch,Doja Cat,0.88,Boss Bitch,0.78,0.707,0.955,-4.593,0,10,0.222,0.127,0.0,0.202,0.575,125.989,4,134240,-0.09999999999999998
60,Falling,Trevor Daniel,0.66,Falling,0.15,0.785,0.431,-8.756,0,10,0.0364,0.123,0.0,0.0887,0.236,127.085,4,159382,-0.51
62,Just Fine,Mary J. Blige,0.7,Growing Pains,0.62,0.923,0.795,-3.61,0,11,0.117,0.0394,0.000565,0.101,0.588,123.021,4,242133,-0.07999999999999996
63,Smile,Lily Allen,0.67,"Alright, Still (Deluxe)",0.71,0.632,0.639,-5.938,1,5,0.0259,0.00143,0.0,0.221,0.733,95.506,4,196893,0.039999999999999925
64,Bulletproof,La Roux,0.65,La Roux,0.71,0.674,0.882,-2.771,0,3,0.0477,0.000441,6.47e-05,0.068,0.682,123.016,4,205733,0.05999999999999994
65,Heather,Conan Gray,0.81,Kid Krow,0.86,0.357,0.425,-7.301,1,5,0.0333,0.584,0.0,0.322,0.27,102.078,3,198040,0.04999999999999993
66,Juicy,Doja Cat,0.88,Hot Pink,0.73,0.785,0.652,-2.607,1,0,0.0668,0.102,0.0,0.0697,0.484,170.024,4,203093,-0.15000000000000002
67,Blueberry Faygo,Lil Mosey,0.7,Certified Hitmaker,0.75,0.774,0.554,-7.909,1,0,0.0383,0.207,0.0,0.132,0.349,99.034,4,162547,0.050000000000000044
68,American Boy,Estelle,0.65,Shine,0.78,0.727,0.729,-2.99,1,0,0.326,0.171,0.0,0.07,0.512,117.932,4,284733,0.13
69,Can't Stop Singing,Ross Lynch,0.62,Teen Beach Movie,0.6,0.513,0.69,-4.986,1,0,0.0341,0.51,0.0,0.102,0.777,96.881,4,145920,-0.020000000000000018
70,Like That (feat. Gucci Mane),Doja Cat,0.88,Hot Pink,0.46,0.874,0.487,-6.032,1,2,0.194,0.237,0.0,0.0978,0.371,106.052,4,163173,-0.42
71,Gimme Love,Joji,0.85,Nectar,0.65,0.484,0.632,-6.917,1,5,0.0976,0.695,0.0243,0.209,0.0736,126.384,3,214558,-0.19999999999999996
72,Mine,Bazzi,0.72,COSMIC,0.24,0.719,0.803,-3.834,1,4,0.0795,0.0148,4e-06,0.29,0.712,142.966,4,133995,-0.48
73,What They Want,Russ,0.77,There's Really A Wolf,0.72,0.71,0.404,-10.04,0,1,0.379,0.484,0.0,0.0953,0.398,139.553,4,165853,-0.050000000000000044
74,La La La,Naughty Boy,0.6,La La La,0.58,0.754,0.677,-4.399,0,6,0.0316,0.112,0.0,0.111,0.254,124.988,4,220779,-0.020000000000000018
76,Homage,Mild High Club,0.62,Skiptracing,0.0,0.546,0.468,-8.167,1,5,0.0287,0.153,0.00257,0.321,0.416,73.372,4,177493,-0.62
78,"Part of Your World - From ""The Little Mermaid"" / Soundtrack Version",Jodi Benson,0.53,The Little Mermaid,0.6,0.387,0.132,-15.142,1,5,0.0386,0.914,0.000707,0.281,0.323,100.0,4,195493,0.06999999999999995
79,Relationship (feat. Future),Young Thug,0.84,Beautiful Thugger Girls,0.69,0.842,0.597,-6.336,1,2,0.0627,0.00252,0.0,0.124,0.298,145.992,4,215307,-0.15000000000000002
80,Borderline,Tame Impala,0.78,The Slow Rush,0.78,0.621,0.873,-3.067,0,5,0.0369,0.0406,9.1e-06,0.0824,0.873,97.96,4,237800,0.0
81,Renee,SALES,0.61,Renee,0.65,0.924,0.386,-8.183,1,9,0.0548,0.755,0.00253,0.118,0.424,108.957,4,179125,0.040000000000000036
82,Don't Start Now,Dua Lipa,0.88,Don't Start Now,0.79,0.794,0.793,-4.521,0,11,0.0842,0.0125,0.0,0.0952,0.677,123.941,4,183290,-0.08999999999999997
83,Freak (feat. REI AMI),Sub Urban,0.67,Thrill Seeker,0.69,0.619,0.45,-11.965,0,7,0.515,0.433,0.0,0.513,0.41,179.755,4,194000,0.019999999999999907
84,Candy,Doja Cat,0.88,Amala,0.71,0.689,0.516,-5.857,1,8,0.0444,0.513,0.0,0.163,0.209,124.876,4,190920,-0.17000000000000004
85,Ophelia,The Lumineers,0.76,Cleopatra,0.77,0.664,0.573,-6.519,1,5,0.0277,0.613,0.000363,0.0857,0.566,76.023,4,160097,0.010000000000000009
86,Violent Crimes,Kanye West,0.9,ye,0.0,0.665,0.417,-6.731,0,1,0.524,0.374,0.0,0.186,0.04,110.111,4,215320,-0.9
87,Someone To You,BANNERS,0.65,Someone To You,0.0,0.511,0.93,-3.649,1,2,0.0441,0.0056,0.0,0.242,0.673,75.01,4,219813,-0.65
88,Plastic Hearts,Miley Cyrus,0.81,Plastic Hearts,0.7,0.551,0.756,-4.948,1,2,0.0652,0.0511,0.0,0.0765,0.618,175.984,4,205733,-0.1100000000000001
89,Primadonna,MARINA,0.73,Electra Heart,0.5,0.66,0.689,-2.671,0,4,0.0337,0.0884,0.0,0.0922,0.427,127.98,4,221075,-0.22999999999999998
90,Check It Out,will.i.am,0.72,Pink Friday (Complete Edition),0.53,0.848,0.694,-4.272,1,1,0.0572,0.0493,1.15e-05,0.105,0.728,130.075,4,251013,-0.18999999999999995
91,Hood Baby,KBFR,0.36,Hood Baby,0.53,0.974,0.472,-11.848,0,11,0.447,0.0488,0.000157,0.116,0.806,126.065,4,110063,0.17000000000000004
92,Shoota (feat. Lil Uzi Vert),Playboi Carti,0.82,Die Lit,0.79,0.673,0.649,-8.433,0,1,0.196,0.188,0.0,0.122,0.47,153.075,4,153800,-0.029999999999999916
93,I Just Want to Be the One You Love,Boxout,0.44,I Just Want to Be the One You Love,0.62,0.497,0.349,-8.749,0,9,0.0877,0.967,0.037,0.228,0.251,140.551,1,80842,0.18
94,Make You Mine,PUBLIC,0.61,Make You Mine,0.77,0.606,0.799,-4.452,1,9,0.0261,0.0128,0.0,0.15,0.638,103.014,4,232907,0.16000000000000003
95,To Be So Lonely,Harry Styles,0.91,Fine Line,0.73,0.758,0.436,-7.269,1,0,0.0418,0.618,1.61e-05,0.335,0.605,104.959,4,192080,-0.18000000000000005
96,Hotel Room Service,Pitbull,0.82,Hotel Room Service,0.63,0.849,0.599,-8.164,1,6,0.227,0.00301,0.000249,0.0763,0.761,126.003,4,238507,-0.18999999999999995
97,M to the B,Millie B,0.4,M to the B,0.58,0.897,0.513,-6.973,0,10,0.309,0.571,0.0,0.101,0.692,139.935,4,137744,0.17999999999999994
98,Say So (feat. Nicki Minaj),Doja Cat,0.88,Say So (feat. Nicki Minaj),0.65,0.856,0.641,-4.64,0,11,0.204,0.119,4.97e-06,0.427,0.745,111.004,4,206221,-0.22999999999999998
99,What's My Name?,Rihanna,0.87,Loud,0.54,0.69,0.786,-2.959,1,2,0.0692,0.229,0.0,0.0797,0.583,100.049,4,263173,-0.32999999999999996
100,Whatcha Say,Jason Derulo,0.8,Jason Derulo (Deluxe Audio),0.59,0.615,0.711,-5.507,1,11,0.0779,0.0444,0.0,0.145,0.711,144.036,4,221253,-0.21000000000000008
101,Hey Julie! (feat. Lil Yachty),KYLE,0.66,Hey Julie! (feat. Lil Yachty),0.51,0.801,0.505,-5.829,1,11,0.293,0.0446,9.52e-06,0.122,0.757,161.059,4,156443,-0.15000000000000002
102,Crush,Tessa Violet,0.56,Bad Ideas,0.65,0.91,0.402,-9.55,1,1,0.0857,0.0297,0.00018,0.0801,0.825,135.993,4,216267,0.08999999999999997
103,Mr. Blue Sky,Electric Light Orchestra,0.7,Out of the Blue,0.8,0.388,0.338,-10.054,1,10,0.0329,0.652,3.73e-06,0.248,0.478,177.765,4,303373,0.10000000000000009
104,Myron,Lil Uzi Vert,0.85,Eternal Atake (Deluxe) - LUV vs. The World 2,0.73,0.771,0.654,-6.976,0,8,0.298,0.055,0.0,0.214,0.573,155.047,4,224955,-0.12
105,I'm Looking for Mrs. Bubblegum,Memetown,0.2,I'm Looking for Mrs. Bubblegum,0.29,0.977,0.39,-10.025,1,1,0.302,0.214,6.06e-06,0.058,0.962,124.036,4,281313,0.08999999999999997
106,Partition,Beyoncé,0.89,BEYONCÉ [Platinum Edition],0.71,0.418,0.441,-11.522,0,11,0.283,0.029,0.0707,0.306,0.172,175.928,4,319467,-0.18000000000000005
107,Lets Link,WhoHeem,0.48,Lets Link,0.01,0.839,0.683,-9.232,0,10,0.165,0.00667,0.0,0.241,0.522,120.003,4,159955,-0.47
108,Are You Bored Yet? (feat. Clairo),Wallows,0.71,Nothing Happens,0.79,0.682,0.683,-6.444,0,8,0.0287,0.156,2.32e-05,0.273,0.64,120.023,4,178000,0.08000000000000007
109,Trampoline,SHAED,0.59,MELT,0.64,0.689,0.412,-7.523,0,7,0.0301,0.488,0.00016,0.0659,0.537,126.754,4,184060,0.050000000000000044
112,OUT WEST (feat. Young Thug),JACKBOYS,0.65,JACKBOYS,0.77,0.802,0.591,-4.895,1,8,0.225,0.0104,0.0,0.196,0.309,139.864,4,157712,0.12
113,Breathe,Years & Years,0.7,Take Shelter,0.62,0.746,0.486,-7.004,1,10,0.0344,0.222,1.41e-06,0.123,0.417,92.057,4,233228,-0.07999999999999996
114,Yellow Hearts,Ant Saunders,0.52,Yellow Hearts,0.68,0.866,0.438,-8.943,1,7,0.0719,0.177,0.0,0.0743,0.695,129.039,4,223258,0.16000000000000003
115,Needs,Verzache,0.61,Needs,0.68,0.813,0.601,-7.552,0,11,0.116,0.189,0.0002,0.426,0.855,118.981,4,177479,0.07000000000000006
116,"Sofia the First Main Title Theme - From ""Sofia the First""",Cast - Sofia the First,0.44,Sofia the First,0.54,0.655,0.789,-3.995,1,4,0.0489,0.423,0.0,0.13,0.66,92.968,4,52867,0.10000000000000003
117,Mi Pan Su Su Sum,Miel Pops,0.0,Mi Pan Su Su Sum,0.0,0.696,0.375,-7.543,1,3,0.493,0.27,0.0,0.269,0.688,101.073,4,351467,0.0
118,Wasabi,Little Mix,0.77,LM5 (Deluxe),0.66,0.847,0.656,-4.976,1,2,0.115,0.00451,0.000854,0.143,0.234,114.001,4,154787,-0.10999999999999999
119,CITY OF ANGELS,24kGoldn,0.74,DROPPED OUTTA COLLEGE,0.72,0.686,0.541,-4.993,0,0,0.0493,0.042,0.0,0.0675,0.724,120.082,4,112493,-0.020000000000000018
120,Rags to Riches,YoungBoy Never Broke Again,0.84,Until Death Call My Name (Reloaded),0.47,0.763,0.604,-5.754,1,1,0.114,0.0838,0.0,0.261,0.18,147.893,4,116757,-0.37
121,Hatchback,Cochise,0.68,Hatchback,0.62,0.734,0.692,-6.227,0,2,0.0555,0.0221,0.0,0.224,0.348,77.994,4,149145,-0.06000000000000005
122,VIBEZ,DaBaby,0.82,KIRK,0.71,0.768,0.652,-2.708,0,1,0.307,0.113,0.0,0.107,0.777,154.187,4,144935,-0.10999999999999999
123,Obnimi (Remix),Okean Elzi,0.46,Obnimi (Remix),0.64,0.714,0.845,-4.234,0,7,0.0856,0.199,0.00762,0.372,0.51,75.985,4,229671,0.18
124,All About Cake (feat. Coi Leray & Kaash Paige),KyleYouMadeThat,0.37,All About Cake,0.3,0.905,0.521,-4.318,1,1,0.443,0.213,3.87e-05,0.175,0.533,131.115,4,179871,-0.07
125,Lose Control,MEDUZA,0.74,Lose Control,0.78,0.598,0.526,-8.659,0,10,0.0415,0.129,0.0,0.14,0.529,123.935,4,168387,0.040000000000000036
126,Coño,Puri,0.56,Coño,0.6,0.847,0.573,-6.032,1,0,0.253,0.00739,0.0149,0.0845,0.332,99.919,4,137595,0.039999999999999925
127,Grow A Pear,Kesha,0.76,Cannibal (Expanded Edition),0.6,0.863,0.667,-3.891,1,0,0.0508,0.0154,0.000341,0.125,0.892,120.011,4,208867,-0.16000000000000003
128,Say So - Japanese Version,Rainych,0.51,Say So (Japanese Version),0.59,0.732,0.668,-6.768,1,2,0.0444,0.775,5.23e-06,0.224,0.705,111.001,4,242327,0.07999999999999996
129,Photo ID,Remi Wolf,0.65,I'm Allergic To Dogs!,0.63,0.822,0.66,-3.637,1,1,0.0819,0.111,0.0,0.143,0.802,113.956,4,265263,-0.020000000000000018
130,TROLLZ (with Nicki Minaj),6ix9ine,0.71,TROLLZ (with Nicki Minaj),0.05,0.744,0.422,-8.946,1,1,0.294,0.0319,0.00011,0.11,0.493,180.006,4,202667,-0.6599999999999999
131,Working Bitch,Ashnikko,0.69,"Hi, It's Me",0.58,0.928,0.392,-7.537,0,3,0.0563,0.0374,0.0,0.107,0.454,102.023,4,177866,-0.10999999999999999
132,Like That (feat. Gucci Mane),Doja Cat,0.88,Hot Pink,0.75,0.879,0.498,-6.027,0,4,0.18,0.239,0.0,0.0967,0.405,106.044,4,163173,-0.13
133,Rags2Riches 2 (feat. Lil Baby),Rod Wave,0.78,Pray 4 Love (Deluxe),0.04,0.874,0.443,-9.628,0,5,0.241,0.147,0.0,0.124,0.298,118.004,4,235988,-0.74
134,Work Out,J. Cole,0.84,Cole World: The Sideline Story,0.8,0.831,0.427,-6.903,1,2,0.106,0.0531,0.0,0.307,0.216,93.004,4,235320,-0.039999999999999925
136,Calabria 2008,Enur,0.51,Raggatronic,0.54,0.891,0.657,-5.552,0,10,0.165,0.00833,0.0026,0.054,0.453,125.995,4,230657,0.030000000000000027
137,Lalala,Y2K,0.63,Lalala,0.75,0.843,0.39,-7.899,1,2,0.0846,0.178,0.0,0.137,0.495,129.972,4,160627,0.12
138,Ben 10 - Theme Song,Kids Superstars,0.42,"Cartoon Heroes, Vol. 5",0.33,0.738,0.799,-7.036,1,7,0.0556,0.249,0.0,0.35,0.882,142.094,4,61466,-0.08999999999999997
139,The Dice Beat Pt. 1,Ricky Desktop,0.55,The Dice Beat Pt. 1,0.34,0.946,0.269,-10.061,1,1,0.567,0.018,0.068,0.108,0.0999,125.95,4,100000,-0.21000000000000002
140,Crimewave,Crystal Castles,0.66,Crystal Castles,0.66,0.746,0.691,-7.533,0,4,0.0403,0.184,0.0259,0.205,0.888,119.982,4,258453,0.0
141,Mr. Sandman,The Chordettes,0.52,The Chordettes' Best,0.56,0.616,0.426,-8.399,1,9,0.0421,0.634,0.0,0.0695,0.589,110.395,4,143613,0.040000000000000036
142,Toy,Netta,0.51,Toy,0.64,0.786,0.712,-5.349,0,3,0.0678,0.0706,0.0,0.236,0.795,130.144,4,180231,0.13
143,Tonight You Belong To Me,Patience & Prudence,0.39,The Best Of Patience & Prudence,0.52,0.68,0.32,-7.544,0,10,0.0289,0.954,0.0,0.0948,0.769,108.07,4,115227,0.13
144,It Won't Stop (feat. Chris Brown) - EP Version,Sevyn Streeter,0.6,"Call Me Crazy, But...",0.69,0.657,0.574,-9.484,0,1,0.0407,0.016,8.1e-05,0.172,0.211,119.992,4,281080,0.08999999999999997
145,All I Want,Olivia Rodrigo,0.85,High School Musical: The Musical: The Series (Original Soundtrack),0.75,0.376,0.43,-6.585,0,0,0.0328,0.0902,0.0,0.0912,0.129,77.599,3,177323,-0.09999999999999998
146,Stronger,Kanye West,0.9,Graduation,0.2,0.617,0.717,-7.858,0,10,0.153,0.00564,0.0,0.408,0.49,103.992,4,311867,-0.7
147,After Party,Don Toliver,0.78,Heaven Or Hell,0.8,0.629,0.692,-8.045,1,5,0.0376,0.00981,0.331,0.603,0.453,162.948,4,167916,0.020000000000000018
148,"King's Dead (with Kendrick Lamar, Future & James Blake)",Jay Rock,0.7,"King's Dead (with Kendrick Lamar, Future & James Blake)",0.71,0.645,0.705,-5.008,1,1,0.299,0.000813,0.0,0.128,0.376,137.133,4,229670,0.010000000000000009
149,Take It Off,Kesha,0.76,Animal (Expanded Edition),0.69,0.729,0.675,-5.292,0,5,0.0286,4.14e-05,0.00126,0.0867,0.74,125.036,4,215200,-0.07000000000000006
150,3 Musketeers,NextYoungin,0.47,3 Musketeers,0.65,0.91,0.617,-10.234,1,0,0.0847,0.258,0.0,0.122,0.572,104.972,4,166857,0.18000000000000005
151,Heal Me,Lady Gaga,0.84,A Star Is Born Soundtrack,0.56,0.606,0.544,-8.36,0,9,0.0593,0.0481,0.0,0.0916,0.456,86.013,4,196800,-0.2799999999999999
152,Queen of Disaster,Scarlett Rose,0.4,Queen of Disaster,0.49,0.688,0.316,-15.548,0,9,0.0357,0.631,0.0,0.387,0.688,128.084,4,195631,0.08999999999999997
153,Leave Em Alone,Quality Control,0.65,Leave Em Alone,0.59,0.517,0.747,-4.74,0,6,0.296,0.0189,7.35e-06,0.0821,0.506,102.033,4,171980,-0.06000000000000005
154,Hurts So Good,Astrid S,0.66,Astrid S,0.68,0.675,0.609,-5.027,0,7,0.0586,0.084,0.0,0.0957,0.378,120.039,4,208729,0.020000000000000018
155,Confident,Justin Bieber,0.9,Journals,0.65,0.738,0.563,-5.467,0,5,0.11,0.113,0.0,0.191,0.876,134.132,4,248133,-0.25
156,I'd Rather Sleep,Kero Kero Bonito,0.57,Intro Bonito,0.68,0.765,0.579,-7.051,1,10,0.0496,0.0107,0.362,0.15,0.855,142.065,4,115352,0.1100000000000001
157,Coffee Breath,Sofia Mills,0.53,Coffee Breath,0.7,0.866,0.211,-12.676,0,11,0.0404,0.974,0.0,0.0987,0.198,101.295,4,163902,0.16999999999999993
158,Ready or Not,Bridgit Mendler,0.62,Hello My Name Is...,0.73,0.715,0.872,-3.835,1,2,0.0509,0.00351,3.84e-05,0.107,0.748,93.043,4,200947,0.10999999999999999
159,Toosie Slide,Drake,0.95,Toosie Slide,0.73,0.834,0.454,-9.75,0,1,0.201,0.321,6.15e-06,0.114,0.837,81.618,4,247059,-0.21999999999999997
160,Roses - Imanbek Remix,SAINt JHN,0.7,Roses (Imanbek Remix),0.81,0.77,0.724,-5.484,1,8,0.0495,0.0167,0.0107,0.353,0.898,121.975,4,176840,0.1100000000000001
161,No Idea,Don Toliver,0.78,Heaven Or Hell,0.79,0.652,0.631,-5.718,0,6,0.0893,0.524,0.000579,0.165,0.35,127.998,4,154424,0.010000000000000009
162,Go Crazy,Chris Brown,0.86,Slime & B,0.77,0.755,0.578,-8.932,0,0,0.145,0.316,0.0,0.25,0.581,94.148,4,176960,-0.08999999999999997
163,No Guidance (feat. Drake),Chris Brown,0.86,Indigo,0.79,0.696,0.454,-6.756,0,1,0.153,0.123,0.0,0.155,0.136,92.928,4,260640,-0.06999999999999995
164,Please Mr. Postman - Single Version / Mono,The Marvelettes,0.49,Please Mr. Postman,0.64,0.785,0.776,-5.259,1,2,0.0312,0.729,0.0,0.181,0.967,121.505,4,148040,0.15000000000000002
165,Get Up (feat. Chamillionaire),Ciara,0.68,The Evolution,0.47,0.964,0.595,-6.887,0,1,0.109,0.0248,5.14e-06,0.0405,0.629,128.593,4,261880,-0.21000000000000008
166,Lay All Your Love On Me,ABBA,0.8,ABBA Gold,0.72,0.695,0.701,-6.435,1,0,0.0281,0.0187,0.0464,0.251,0.58,133.0,4,272507,-0.08000000000000007
167,Vibe (If I Back It Up),Cookiee Kawaii,0.53,Vibe (If I Back It Up),0.53,0.754,0.568,-8.719,1,10,0.344,0.0635,0.00932,0.118,0.175,159.947,4,83940,0.0
168,Something New (feat. Ty Dolla $ign),Wiz Khalifa,0.82,Rolling Papers 2,0.59,0.814,0.635,-6.609,0,7,0.0809,0.0935,0.0,0.0892,0.784,87.581,4,200774,-0.22999999999999998
169,Magic In The Hamptons (feat. Lil Yachty),Social House,0.64,Magic In The Hamptons (feat. Lil Yachty),0.75,0.769,0.479,-5.339,1,1,0.0385,0.66,0.0,0.0914,0.803,96.051,4,164640,0.10999999999999999
170,Watermelon Sugar,Harry Styles,0.91,Watermelon Sugar,0.27,0.548,0.816,-4.209,1,0,0.0465,0.122,0.0,0.335,0.557,95.39,4,174000,-0.64
171,Paradise,Coldplay,0.87,Mylo Xyloto,0.82,0.449,0.585,-6.761,1,5,0.0268,0.0509,8.75e-05,0.0833,0.212,139.631,4,278719,-0.050000000000000044
172,Cyber Sex,Doja Cat,0.88,Hot Pink,0.71,0.917,0.657,-5.716,1,8,0.0921,0.318,3.62e-06,0.0754,0.818,131.03,4,165733,-0.17000000000000004
173,We Know,Lin-Manuel Miranda,0.71,Hamilton (Original Broadway Cast Recording),0.6,0.718,0.484,-10.376,1,11,0.523,0.312,0.0,0.127,0.692,113.855,4,142044,-0.10999999999999999
174,All The Stars (with SZA),Kendrick Lamar,0.88,Black Panther The Album Music From And Inspired By,0.82,0.698,0.633,-4.946,1,8,0.0597,0.0605,0.000194,0.0926,0.552,96.924,4,232187,-0.06000000000000005
175,Because Of You,Ne-Yo,0.77,Because Of You,0.74,0.81,0.538,-5.784,0,0,0.0356,0.528,0.0,0.0951,0.828,109.97,4,266840,-0.030000000000000027
176,Chanel,Frank Ocean,0.82,Chanel,0.78,0.776,0.503,-5.732,0,0,0.237,0.874,0.0,0.112,0.473,110.134,4,210285,-0.039999999999999925
177,Round of Applause,K'ron,0.28,Round of Applause,0.44,0.42,0.656,-6.776,0,11,0.0678,0.494,0.0,0.36,0.448,110.457,4,346436,0.15999999999999998
178,Daisy,Ashnikko,0.69,DEMIDEVIL,0.71,0.834,0.663,-6.143,1,8,0.133,0.235,0.0,0.372,0.774,121.876,4,146523,0.020000000000000018
180,Won't Bite (feat. Smino),Doja Cat,0.88,Hot Pink,0.68,0.807,0.783,-3.115,1,5,0.0964,0.351,0.0,0.14,0.592,127.996,4,195213,-0.19999999999999996
182,Just Can’t Get Enough,Black Eyed Peas,0.8,The Beginning,0.76,0.659,0.628,-8.685,0,0,0.179,0.186,0.0,0.105,0.262,94.05,4,219427,-0.040000000000000036
183,Drugs,UPSAHL,0.61,Drugs,0.68,0.883,0.415,-8.571,0,6,0.174,0.35,0.0,0.063,0.318,76.986,4,155867,0.07000000000000006
184,SUGAR,BROCKHAMPTON,0.68,GINGER,0.73,0.453,0.538,-8.212,1,1,0.0638,0.449,0.0,0.19,0.516,122.973,4,204533,0.04999999999999993
185,Y U Gotta B Like That,Audrey Mika,0.56,Y U Gotta B Like That,0.58,0.732,0.413,-6.353,1,9,0.0702,0.287,0.0,0.0565,0.761,92.066,4,154456,0.019999999999999907
186,Take Your Man,Mahogany Lox,0.37,Take Your Man,0.54,0.934,0.658,-8.052,1,0,0.108,0.411,0.000738,0.0809,0.344,110.015,4,117363,0.17000000000000004
187,Save Your Tears,The Weeknd,0.93,After Hours,0.88,0.68,0.826,-5.487,1,0,0.0309,0.0212,1.24e-05,0.543,0.644,118.051,4,215627,-0.050000000000000044
188,Love Songs,Kaash Paige,0.61,R&B Smooth Vibes,0.01,0.64,0.355,-10.599,1,5,0.0906,0.83,0.000938,0.11,0.451,120.063,4,148640,-0.6
189,GOOBA,6ix9ine,0.71,GOOBA,0.07,0.611,0.688,-5.688,1,1,0.341,0.0264,0.0,0.251,0.393,178.462,4,132303,-0.6399999999999999
190,Bored In The House,Tyga,0.79,Bored In The House,0.53,0.928,0.372,-10.393,1,1,0.321,0.0202,9.6e-06,0.0948,0.732,112.458,4,174933,-0.26
191,Bound 2,Kanye West,0.9,Yeezus,0.83,0.367,0.665,-2.821,1,1,0.0465,0.145,0.0,0.113,0.31,148.913,4,229147,-0.07000000000000006
192,Still into You,Paramore,0.75,Paramore,0.79,0.602,0.923,-3.763,1,5,0.044,0.0098,0.0,0.0561,0.765,136.01,4,216013,0.040000000000000036
193,Don't Wanna Fall In Love,KYLE,0.66,Smyle (Extended),0.0,0.487,0.617,-6.9,1,0,0.275,0.0151,0.0,0.356,0.604,132.088,4,232368,-0.66
194,prom dress,mxmtoon,0.67,the masquerade,0.73,0.56,0.674,-6.048,1,10,0.0446,0.698,0.0,0.123,0.421,119.942,4,197933,0.05999999999999994
195,fast,Sueco,0.65,fast,0.0,0.877,0.503,-10.269,0,7,0.22,0.164,0.0132,0.102,0.529,100.069,4,144000,-0.65
196,High Fashion (feat. Mustard),Roddy Ricch,0.8,Please Excuse Me for Being Antisocial,0.73,0.831,0.499,-8.442,0,11,0.114,0.269,0.0,0.3,0.511,97.956,4,220487,-0.07000000000000006
198,Be My Baby,The Ronettes,0.56,Presenting the Fabulous Ronettes Featuring Veronica,0.65,0.512,0.771,-7.006,1,4,0.0402,0.168,0.0,0.0895,0.803,129.639,4,160907,0.08999999999999997
199,Something For Your M.I.N.D.,Superorganism,0.52,Superorganism,0.58,0.698,0.542,-4.317,1,2,0.131,0.132,0.00117,0.199,0.664,140.096,4,165391,0.05999999999999994
200,Mary Jane (All Night Long),Mary J. Blige,0.7,My Life,0.61,0.784,0.298,-9.56,0,5,0.0542,0.125,3.19e-05,0.0678,0.846,87.172,4,279240,-0.08999999999999997
201,Electric Feel,MGMT,0.74,Oracular Spectacular,0.77,0.763,0.803,-3.713,1,1,0.0351,0.0709,0.285,0.348,0.561,103.04,3,229640,0.030000000000000027
202,Savage Remix (feat. Beyoncé),Megan Thee Stallion,0.82,Savage Remix (feat. Beyoncé),0.67,0.822,0.743,-4.772,0,10,0.28,0.016,0.0,0.127,0.636,84.459,4,242001,-0.1499999999999999
203,Dancing in My Room,347aidan,0.7,Dancing in My Room,0.75,0.98,0.413,-11.052,0,8,0.101,0.671,7.95e-05,0.17,0.764,119.993,4,180139,0.050000000000000044
204,20 Min,Lil Uzi Vert,0.85,Luv Is Rage 2 (Deluxe),0.83,0.773,0.75,-4.009,0,8,0.117,0.109,0.0,0.174,0.783,123.426,4,220587,-0.020000000000000018
206,Gangsta,Kehlani,0.76,SweetSexySavage (Deluxe),0.56,0.465,0.446,-8.336,0,10,0.0433,0.102,0.0,0.321,0.131,121.801,4,177773,-0.19999999999999996
207,Monster,Lady Gaga,0.84,The Fame Monster (Deluxe Edition),0.61,0.694,0.801,-4.503,0,9,0.0441,0.00124,0.0,0.479,0.646,119.969,4,249280,-0.22999999999999998
208,My Ordinary Life,The Living Tombstone,0.69,My Ordinary Life,0.79,0.648,0.827,-4.78,0,9,0.042,0.00533,0.338,0.217,0.598,176.005,4,230895,0.10000000000000009
209,Walked In,Ultradiox,0.29,Walked In,0.41,0.891,0.538,-6.724,1,2,0.394,0.123,0.0,0.0848,0.643,80.032,4,107404,0.12
210,Lemonade,Internet Money,0.72,"Lemonade (feat. Gunna, Don Toliver & NAV)",0.76,0.799,0.66,-6.153,0,1,0.079,0.256,0.0,0.111,0.471,140.04,4,195429,0.040000000000000036
211,F2020,Avenue Beat,0.47,F2020,0.0,0.702,0.597,-7.067,1,2,0.207,0.587,3.62e-06,0.112,0.383,85.016,4,181852,-0.47
212,Desperado,Rihanna,0.87,ANTI (Deluxe),0.72,0.685,0.61,-5.221,0,0,0.0439,0.323,0.0,0.102,0.323,94.384,3,186467,-0.15000000000000002
213,Tap In,Saweetie,0.73,Tap In,0.67,0.954,0.696,-7.117,0,10,0.204,0.00576,0.000498,0.0754,0.432,100.036,4,139413,-0.05999999999999994
214,Good Form (feat. Lil Wayne) - Remix,Nicki Minaj,0.85,Queen (Deluxe),0.64,0.898,0.733,-4.75,1,7,0.178,0.0533,0.000115,0.102,0.295,96.51,4,237493,-0.20999999999999996
215,Island In The Sun,Weezer,0.73,Weezer (Green Album),0.78,0.654,0.81,-6.26,0,4,0.0288,0.00719,0.00251,0.165,0.661,114.623,4,200307,0.050000000000000044
216,Deep End Freestyle,Sleepy Hallow,0.77,Deep End Freestyle,0.64,0.876,0.479,-6.687,0,4,0.44,0.703,0.0,0.102,0.776,133.858,4,115200,-0.13
217,Ramalama (Bang Bang),Róisín Murphy,0.52,Ruby Blue,0.52,0.822,0.655,-8.316,1,9,0.0363,0.205,0.000535,0.1,0.518,106.977,4,215387,0.0
218,Outside (feat. Ellie Goulding),Calvin Harris,0.86,Motion,0.78,0.646,0.823,-4.123,0,2,0.0394,0.213,0.0,0.322,0.418,128.035,4,227267,-0.07999999999999996
219,Only The Young - Featured in Miss Americana,Taylor Swift,0.93,Only The Young (Featured in Miss Americana),0.64,0.56,0.78,-4.895,0,5,0.0517,0.00244,0.0,0.0714,0.602,93.516,4,157507,-0.29000000000000004
220,Wet (She Got That…),YFN Lucci,0.58,Wet (She Got That…),0.56,0.695,0.642,-6.13,0,1,0.194,0.238,0.0,0.359,0.316,128.022,4,209848,-0.019999999999999907
221,Walk Man,Tiny Meat Gang,0.52,Walk Man,0.59,0.928,0.696,-4.972,0,4,0.0866,0.331,0.000119,0.121,0.396,94.994,4,165938,0.06999999999999995
222,Marlboro Nights,Lonely God,0.59,Marlboro Nights,0.0,0.497,0.825,-6.772,1,2,0.278,0.00166,0.000284,0.361,0.812,87.943,4,68586,-0.59
223,Aesthetic,Xilo,0.39,Aesthetic,0.02,0.714,0.594,-10.63,1,0,0.43,0.965,0.255,0.129,0.45,169.837,4,158436,-0.37
225,Do It,Chloe x Halle,0.6,Ungodly Hour,0.67,0.725,0.668,-7.286,0,5,0.055,0.0932,2.33e-06,0.112,0.566,82.966,4,176787,0.07000000000000006
226,Hello?,Clairo,0.75,diary 001,0.68,0.839,0.473,-7.835,0,10,0.0607,0.641,0.000459,0.0939,0.0644,98.732,4,135016,-0.06999999999999995
227,Yellow Hearts (feat. Audrey Mika),Ant Saunders,0.52,Yellow Hearts (feat. Audrey Mika),0.55,0.816,0.401,-8.041,1,7,0.22,0.464,0.0,0.0657,0.678,129.041,4,180672,0.030000000000000027
228,Love Story (Taylor’s Version),Taylor Swift,0.93,Love Story (Taylor’s Version),0.73,0.626,0.79,-4.302,1,2,0.0311,0.135,3.97e-06,0.0989,0.416,119.082,4,235767,-0.20000000000000007
230,iSpy (feat. Lil Yachty),KYLE,0.66,iSpy (feat. Lil Yachty),0.72,0.746,0.653,-6.745,1,7,0.289,0.378,0.0,0.229,0.672,75.016,4,253107,0.05999999999999994
231,Vibin',Kesh Kesh,0.26,Vibin',0.41,0.686,0.805,-6.816,0,11,0.154,0.00478,1.09e-06,0.0887,0.289,130.981,4,154567,0.14999999999999997
232,Hungry Hippo,Tierra Whack,0.58,Whack World,0.57,0.893,0.61,-5.691,0,4,0.0488,0.0227,0.00744,0.102,0.778,136.64,4,60000,-0.010000000000000009
233,Becky,Championxiii,0.39,Champion Status,0.46,0.934,0.439,-9.564,0,4,0.338,0.00506,0.0,0.092,0.289,140.022,4,118776,0.07
234,Kraazy,Likybo,0.43,Million Dollar Mindset,0.6,0.689,0.701,-9.477,0,6,0.237,0.314,0.0,0.123,0.37,94.982,4,151579,0.16999999999999998
235,Kream (feat. Tyga),Iggy Azalea,0.69,Survive The Summer,0.66,0.785,0.425,-6.665,1,10,0.137,0.0335,4.36e-06,0.108,0.192,174.028,4,166627,-0.029999999999999916
236,Let Go,Ark Patrol,0.54,Let Go,0.7,0.47,0.436,-10.228,1,0,0.0351,0.67,0.263,0.294,0.0389,81.972,3,248056,0.15999999999999992
237,Lost,Frank Ocean,0.82,channel ORANGE,0.84,0.913,0.603,-4.892,1,8,0.226,0.0272,0.000503,0.167,0.497,123.061,4,234093,0.020000000000000018
238,Still Don't Know My Name,Labrinth,0.78,Euphoria (Original Score from the HBO Series),0.78,0.316,0.63,-5.963,1,5,0.117,0.471,0.262,0.205,0.313,89.643,1,153294,0.0
239,Disco Inferno,50 Cent,0.82,The Massacre,0.73,0.925,0.659,-4.763,1,3,0.231,0.206,7.88e-05,0.279,0.71,97.018,4,214227,-0.08999999999999997
240,Famous (I'm The One) (feat. Yo Gotti & DeJ Loaf),Mozzy,0.68,Gangland Landlord,0.56,0.432,0.612,-8.846,0,11,0.211,0.00185,0.0,0.308,0.253,88.716,4,205333,-0.12
241,Marry Me,Rasheeda,0.4,Boss B*tch Music Vol. 3,0.41,0.769,0.637,-6.4,1,8,0.0572,0.0476,6.15e-05,0.35,0.361,79.016,4,234945,0.009999999999999953
242,TKN (feat. Travis Scott),ROSALÍA,0.83,TKN (feat. Travis Scott),0.72,0.776,0.509,-6.266,0,0,0.467,0.192,1.49e-06,0.115,0.485,94.634,4,129371,-0.10999999999999999
243,Do It Again,Pia Mia,0.61,Do It Again,0.73,0.712,0.564,-6.527,1,8,0.047,0.0266,0.0,0.0874,0.411,95.95,4,207747,0.12
244,223's (feat. 9lokknine),YNW Melly,0.73,223's (feat. 9lokknine),0.65,0.932,0.547,-7.787,0,0,0.333,0.0388,0.0,0.0924,0.695,94.998,4,176640,-0.07999999999999996
245,VALENTINO,24kGoldn,0.74,DROPPED OUTTA COLLEGE,0.72,0.746,0.717,-4.841,0,9,0.179,0.199,0.0,0.132,0.523,150.964,4,179133,-0.020000000000000018
246,May I,Flo Milli,0.67,"Ho, why is you here ?",0.61,0.896,0.78,-3.547,1,1,0.202,0.0828,0.0,0.0857,0.85,106.032,4,163019,-0.06000000000000005
247,THICK (feat. Megan Thee Stallion) - Remix,DJ Chose,0.46,THICK (feat. Megan Thee Stallion) [Remix],0.52,0.877,0.747,-5.873,1,4,0.365,0.0288,0.0,0.273,0.679,145.162,4,205296,0.06
248,Rake It Up (feat. Nicki Minaj),Yo Gotti,0.69,I Still Am,0.67,0.91,0.444,-8.126,0,1,0.344,0.022,0.0,0.137,0.53,149.953,4,276333,-0.019999999999999907
249,Crisis,Jasiah,0.62,Crisis,0.59,0.76,0.794,-4.311,0,10,0.344,0.263,0.00324,0.0996,0.583,165.99,4,109595,-0.030000000000000027
250,Banana (feat. Shaggy) - DJ FLe - Minisiren Remix,Conkarah,0.53,Banana (feat. Shaggy) [DJ FLe - Minisiren Remix],0.65,0.824,0.854,-5.312,1,8,0.177,0.016,4.95e-05,0.117,0.896,95.114,4,210329,0.12
251,Rags2Riches 2 (feat. Lil Baby),Rod Wave,0.78,Pray 4 Love (Deluxe),0.71,0.874,0.443,-9.628,0,5,0.241,0.147,0.0,0.124,0.298,118.004,4,235988,-0.07000000000000006
252,Ponteme Despalda,Nfasis,0.54,Ponteme Despalda,0.06,0.78,0.766,-7.72,1,0,0.07,0.0181,0.00172,0.342,0.441,96.011,4,77049,-0.48000000000000004
253,When She Loved Me,Lyn Lapid,0.61,When She Loved Me,0.61,0.604,0.0458,-19.031,1,4,0.0762,0.973,0.0,0.0963,0.617,76.235,3,187709,0.0
254,Say It Right,Nelly Furtado,0.74,Loose,0.79,0.872,0.872,-6.328,1,1,0.139,0.0476,0.00112,0.0543,0.809,116.948,4,223080,0.050000000000000044
255,To the Right,Devour,0.46,Different,0.38,0.946,0.671,-5.534,1,0,0.0724,0.204,0.0,0.178,0.731,100.013,4,164880,-0.08000000000000002
257,"Lemonade (feat. Gunna, Don Toliver & NAV)",Internet Money,0.72,B4 The Storm,0.77,0.8,0.658,-6.142,0,1,0.079,0.25,0.0,0.111,0.462,140.042,4,195429,0.050000000000000044
258,Let's Do It Again,J Boog,0.57,Backyard Boogie,0.65,0.631,0.696,-5.631,0,0,0.211,0.578,0.0,0.0784,0.927,173.537,4,192177,0.08000000000000007
259,SLOW DANCING IN THE DARK,Joji,0.85,BALLADS 1,0.85,0.515,0.479,-7.458,1,3,0.0261,0.544,0.00598,0.191,0.284,88.964,4,209274,0.0
260,hate u love u,Olivia O'Brien,0.69,hate u love u,0.74,0.407,0.416,-8.915,0,6,0.174,0.656,0.0,0.0981,0.246,176.947,4,175467,0.050000000000000044
263,Pocketful of Sunshine,Natasha Bedingfield,0.64,Pocketful Of Sunshine,0.69,0.721,0.88,-3.896,0,9,0.0454,0.191,0.0,0.0769,0.655,110.021,4,202907,0.04999999999999993
264,Always Forever,Cults,0.68,Static,0.8,0.174,0.742,-5.93,1,8,0.0485,0.00181,0.281,0.198,0.36,163.378,4,223747,0.12
265,Party Party Party (feat. Chris Brown & Dej Loaf),DJ Carisma,0.3,Party Party Party (feat. Chris Brown & Dej Loaf),0.47,0.601,0.602,-5.763,1,7,0.183,0.00376,3.34e-05,0.318,0.564,94.919,4,191340,0.16999999999999998
266,Interior Crocodile Alligator,Chip Tha Ripper,0.45,Interior Crocodile Alligator,0.45,0.742,0.727,-6.914,1,1,0.487,0.0136,0.0,0.259,0.774,178.401,4,110253,0.0
267,One Wish,Ray J,0.55,Raydiation,0.63,0.525,0.652,-7.042,0,5,0.28,0.278,0.0,0.339,0.602,127.673,4,337640,0.07999999999999996
268,Baby I'm Yours,Breakbot,0.57,By Your Side,0.69,0.829,0.792,-3.755,0,2,0.0668,0.726,5.83e-06,0.122,0.758,118.05,4,215507,0.12
269,Cha Cha,Freddie Dredd,0.72,Cha Cha,0.69,0.792,0.698,-6.364,1,1,0.172,0.489,0.0788,0.127,0.751,129.971,4,173938,-0.030000000000000027
270,Go Go Go Who's Next?,Hip Hop Harry,0.21,Go Go Go Who's Next?,0.35,0.95,0.738,-9.504,0,10,0.323,0.113,0.000209,0.112,0.568,104.998,4,188735,0.13999999999999999
271,No Role Modelz,J. Cole,0.84,2014 Forest Hills Drive,0.87,0.69,0.521,-8.492,0,10,0.339,0.324,0.0,0.0534,0.494,100.028,4,292799,0.030000000000000027
272,Addison Rae,The Kid LAROI,0.83,Addison Rae,0.59,0.901,0.49,-9.099,0,5,0.129,0.0155,0.0,0.109,0.397,135.015,4,163574,-0.24
273,WHATS POPPIN,Jack Harlow,0.84,Sweet Action,0.77,0.923,0.604,-6.671,0,11,0.245,0.017,0.0,0.272,0.826,145.062,4,139741,-0.06999999999999995
274,Cheryl,Yung Gravy,0.75,Cheryl,0.62,0.801,0.698,-8.998,0,0,0.33,0.0477,1.46e-06,0.184,0.502,76.5,4,169020,-0.13
275,Ultralight Beam,Kanye West,0.9,The Life Of Pablo,0.7,0.592,0.403,-8.768,0,0,0.414,0.62,0.0,0.54,0.391,105.169,4,320680,-0.20000000000000007
276,Mr. Clean,Yung Gravy,0.75,Snow Cougar,0.72,0.758,0.701,-6.053,1,9,0.162,0.685,6.22e-06,0.114,0.626,106.74,4,211150,-0.030000000000000027
277,feel something,Bea Miller,0.68,feel something,0.71,0.74,0.415,-8.914,1,0,0.0707,0.242,0.000156,0.319,0.156,136.029,4,180161,0.029999999999999916
278,Rodeo,Lil Nas X,0.81,7 EP,0.68,0.706,0.679,-5.614,1,9,0.0324,0.139,6.98e-05,0.465,0.657,140.081,4,158707,-0.13
279,Then Leave (feat. Queendom Come),BeatKing,0.49,Then Leave (feat. Queendom Come),0.57,0.912,0.568,-6.107,1,2,0.476,0.0656,0.000105,0.0521,0.491,140.968,4,151520,0.07999999999999996
280,I Wanna Love You,Akon,0.79,Konvicted (Complete Edition),0.64,0.863,0.501,-8.753,0,9,0.0433,0.0164,0.0,0.272,0.357,99.994,4,246765,-0.15000000000000002
281,Everybody Talks,Neon Trees,0.66,Picture Show,0.79,0.471,0.924,-3.906,1,8,0.0586,0.00301,0.0,0.313,0.725,154.961,4,177280,0.13
282,Can't Leave 'Em Alone (feat. 50 Cent),Ciara,0.68,The Evolution,0.61,0.527,0.696,-6.015,0,1,0.361,0.209,0.0,0.0516,0.499,100.614,4,244760,-0.07000000000000006
283,Moment 4 Life,Nicki Minaj,0.85,Pink Friday (Complete Edition),0.52,0.68,0.881,-3.883,1,11,0.237,0.406,0.0,0.242,0.386,97.941,4,279307,-0.32999999999999996
284,We R Who We R,Kesha,0.76,Cannibal (Expanded Edition),0.72,0.736,0.817,-4.9,1,8,0.0407,0.00987,0.00167,0.117,0.653,119.95,4,204760,-0.040000000000000036
285,Give Your Heart a Break,Demi Lovato,0.79,Unbroken,0.7,0.651,0.695,-3.218,1,6,0.0487,0.23,0.0,0.144,0.569,123.008,4,205347,-0.09000000000000008
286,Lucky,Britney Spears,0.78,Oops!... I Did It Again,0.66,0.765,0.791,-5.707,1,8,0.0317,0.262,0.000154,0.0669,0.966,95.026,4,206227,-0.12
288,Get Busy,Sean Paul,0.79,Dutty Rock,0.74,0.735,0.824,-4.143,0,10,0.036,0.615,0.0,0.158,0.726,100.202,4,211666,-0.050000000000000044
289,ROCKSTAR (feat. Roddy Ricch),DaBaby,0.82,BLAME IT ON BABY,0.8,0.746,0.69,-7.956,1,11,0.164,0.247,0.0,0.101,0.497,89.977,4,181733,-0.019999999999999907
290,Who Says,Selena Gomez & The Scene,0.67,When The Sun Goes Down,0.76,0.682,0.927,-2.915,1,4,0.0479,0.0843,0.0,0.149,0.744,101.019,4,195613,0.08999999999999997
291,Crystal Dolphin,Engelwood,0.5,Crust FM,0.6,0.558,0.776,-6.868,1,9,0.179,0.33,0.000445,0.41,0.247,128.064,4,114660,0.09999999999999998
